iso3c,variablename,Freq
ABW,Access to justice,0
ADO,Access to justice,0
AIA,Access to justice,0
ANT,Access to justice,0
ASM,Access to justice,0
ATG,Access to justice,0
BHS,Access to justice,0
BLZ,Access to justice,0
BMU,Access to justice,0
BRN,Access to justice,0
CHI,Access to justice,0
COK,Access to justice,0
CUW,Access to justice,0
CYM,Access to justice,0
DMA,Access to justice,0
FLK,Access to justice,0
FRO,Access to justice,0
FSM,Access to justice,0
GGY,Access to justice,0
GIB,Access to justice,0
GLP,Access to justice,0
GRD,Access to justice,0
GRL,Access to justice,0
GUF,Access to justice,0
GUM,Access to justice,0
IMN,Access to justice,0
JEY,Access to justice,0
KIR,Access to justice,0
KNA,Access to justice,0
LCA,Access to justice,0
LIE,Access to justice,0
MAC,Access to justice,0
MAF,Access to justice,0
MCO,Access to justice,0
MHL,Access to justice,0
MNP,Access to justice,0
MSR,Access to justice,0
MTQ,Access to justice,0
MYT,Access to justice,0
NCL,Access to justice,0
NIU,Access to justice,0
NRU,Access to justice,0
PLW,Access to justice,0
PRI,Access to justice,0
PYF,Access to justice,0
REU,Access to justice,0
SHN,Access to justice,0
SMR,Access to justice,0
SPM,Access to justice,0
SXM,Access to justice,0
TCA,Access to justice,0
TON,Access to justice,0
TUV,Access to justice,0
VAT,Access to justice,0
VCT,Access to justice,0
VGB,Access to justice,0
VIR,Access to justice,0
WSM,Access to justice,0
ABW,Aid dependency,0
ADO,Aid dependency,0
AIA,Aid dependency,0
ANT,Aid dependency,0
ASM,Aid dependency,0
BMU,Aid dependency,0
CHI,Aid dependency,0
COK,Aid dependency,0
CUW,Aid dependency,0
CYM,Aid dependency,0
FLK,Aid dependency,0
FRO,Aid dependency,0
GGY,Aid dependency,0
GIB,Aid dependency,0
GLP,Aid dependency,0
GRL,Aid dependency,0
GUF,Aid dependency,0
GUM,Aid dependency,0
HKG,Aid dependency,0
IMN,Aid dependency,0
JEY,Aid dependency,0
MAC,Aid dependency,0
MAF,Aid dependency,0
MCO,Aid dependency,0
MNP,Aid dependency,0
MSR,Aid dependency,0
MTQ,Aid dependency,0
MYT,Aid dependency,0
NCL,Aid dependency,0
NIU,Aid dependency,0
PRI,Aid dependency,0
PYF,Aid dependency,0
REU,Aid dependency,0
SHN,Aid dependency,0
SMR,Aid dependency,0
SPM,Aid dependency,0
SXM,Aid dependency,0
TCA,Aid dependency,0
TWN,Aid dependency,0
VAT,Aid dependency,0
VGB,Aid dependency,0
VIR,Aid dependency,0
XKX,Aid dependency,0
ABW,Armed security officers,0
ADO,Armed security officers,0
AIA,Armed security officers,0
ANT,Armed security officers,0
ASM,Armed security officers,0
ATG,Armed security officers,0
BHS,Armed security officers,0
BLZ,Armed security officers,0
BMU,Armed security officers,0
BRB,Armed security officers,0
BRN,Armed security officers,0
CHI,Armed security officers,0
COK,Armed security officers,0
COM,Armed security officers,0
CPV,Armed security officers,0
CUW,Armed security officers,0
CYM,Armed security officers,0
DMA,Armed security officers,0
FJI,Armed security officers,0
FLK,Armed security officers,0
FRO,Armed security officers,0
FSM,Armed security officers,0
GGY,Armed security officers,0
GIB,Armed security officers,0
GLP,Armed security officers,0
GRD,Armed security officers,0
GRL,Armed security officers,0
GUF,Armed security officers,0
GUM,Armed security officers,0
HKG,Armed security officers,0
IMN,Armed security officers,0
JEY,Armed security officers,0
KIR,Armed security officers,0
KNA,Armed security officers,0
LCA,Armed security officers,0
LIE,Armed security officers,0
LUX,Armed security officers,0
MAC,Armed security officers,0
MAF,Armed security officers,0
MCO,Armed security officers,0
MDV,Armed security officers,0
MHL,Armed security officers,0
MLT,Armed security officers,0
MNP,Armed security officers,0
MSR,Armed security officers,0
MTQ,Armed security officers,0
MYT,Armed security officers,0
NCL,Armed security officers,0
NIU,Armed security officers,0
NRU,Armed security officers,0
PLW,Armed security officers,0
PRI,Armed security officers,0
PYF,Armed security officers,0
REU,Armed security officers,0
SHN,Armed security officers,0
SLB,Armed security officers,0
SMR,Armed security officers,0
SPM,Armed security officers,0
STP,Armed security officers,0
SUR,Armed security officers,0
SXM,Armed security officers,0
SYC,Armed security officers,0
TCA,Armed security officers,0
TON,Armed security officers,0
TUV,Armed security officers,0
VAT,Armed security officers,0
VCT,Armed security officers,0
VGB,Armed security officers,0
VIR,Armed security officers,0
VUT,Armed security officers,0
WSM,Armed security officers,0
FLK,Battle-related deaths,0
GGY,Battle-related deaths,0
ABW,Clientelism,0
ADO,Clientelism,0
AIA,Clientelism,0
ANT,Clientelism,0
ASM,Clientelism,0
ATG,Clientelism,0
BHS,Clientelism,0
BLZ,Clientelism,0
BMU,Clientelism,0
BRN,Clientelism,0
CHI,Clientelism,0
COK,Clientelism,0
CUW,Clientelism,0
CYM,Clientelism,0
DMA,Clientelism,0
FLK,Clientelism,0
FRO,Clientelism,0
FSM,Clientelism,0
GGY,Clientelism,0
GIB,Clientelism,0
GLP,Clientelism,0
GRD,Clientelism,0
GRL,Clientelism,0
GUF,Clientelism,0
GUM,Clientelism,0
IMN,Clientelism,0
JEY,Clientelism,0
KIR,Clientelism,0
KNA,Clientelism,0
LCA,Clientelism,0
LIE,Clientelism,0
MAC,Clientelism,0
MAF,Clientelism,0
MCO,Clientelism,0
MHL,Clientelism,0
MNP,Clientelism,0
MSR,Clientelism,0
MTQ,Clientelism,0
MYT,Clientelism,0
NCL,Clientelism,0
NIU,Clientelism,0
NRU,Clientelism,0
PLW,Clientelism,0
PRI,Clientelism,0
PYF,Clientelism,0
REU,Clientelism,0
SHN,Clientelism,0
SMR,Clientelism,0
SPM,Clientelism,0
SXM,Clientelism,0
TCA,Clientelism,0
TON,Clientelism,0
TUV,Clientelism,0
VAT,Clientelism,0
VCT,Clientelism,0
VGB,Clientelism,0
VIR,Clientelism,0
WSM,Clientelism,0
ABW,Conflict risk,0
ADO,Conflict risk,0
AIA,Conflict risk,0
ANT,Conflict risk,0
ASM,Conflict risk,0
BMU,Conflict risk,0
CHI,Conflict risk,0
COK,Conflict risk,0
CUW,Conflict risk,0
CYM,Conflict risk,0
FLK,Conflict risk,0
FRO,Conflict risk,0
GGY,Conflict risk,0
GIB,Conflict risk,0
GLP,Conflict risk,0
GRL,Conflict risk,0
GUF,Conflict risk,0
GUM,Conflict risk,0
HKG,Conflict risk,0
IMN,Conflict risk,0
JEY,Conflict risk,0
MAC,Conflict risk,0
MAF,Conflict risk,0
MCO,Conflict risk,0
MNP,Conflict risk,0
MSR,Conflict risk,0
MTQ,Conflict risk,0
MYT,Conflict risk,0
NCL,Conflict risk,0
NIU,Conflict risk,0
PRI,Conflict risk,0
PYF,Conflict risk,0
REU,Conflict risk,0
SHN,Conflict risk,0
SMR,Conflict risk,0
SPM,Conflict risk,0
SXM,Conflict risk,0
TCA,Conflict risk,0
TWN,Conflict risk,0
VAT,Conflict risk,0
VGB,Conflict risk,0
VIR,Conflict risk,0
XKX,Conflict risk,0
ABW,Control over territory,0
ADO,Control over territory,0
AIA,Control over territory,0
ANT,Control over territory,0
ASM,Control over territory,0
ATG,Control over territory,0
BHS,Control over territory,0
BLZ,Control over territory,0
BMU,Control over territory,0
BRN,Control over territory,0
CHI,Control over territory,0
COK,Control over territory,0
CUW,Control over territory,0
CYM,Control over territory,0
DMA,Control over territory,0
FLK,Control over territory,0
FRO,Control over territory,0
FSM,Control over territory,0
GGY,Control over territory,0
GIB,Control over territory,0
GLP,Control over territory,0
GRD,Control over territory,0
GRL,Control over territory,0
GUF,Control over territory,0
GUM,Control over territory,0
HKG,Control over territory,0
IMN,Control over territory,0
JEY,Control over territory,0
KIR,Control over territory,0
KNA,Control over territory,0
LCA,Control over territory,0
LIE,Control over territory,0
MAC,Control over territory,0
MAF,Control over territory,0
MCO,Control over territory,0
MHL,Control over territory,0
MNP,Control over territory,0
MSR,Control over territory,0
MTQ,Control over territory,0
MYT,Control over territory,0
NCL,Control over territory,0
NIU,Control over territory,0
NRU,Control over territory,0
PLW,Control over territory,0
PRI,Control over territory,0
PSE,Control over territory,0
PYF,Control over territory,0
REU,Control over territory,0
SHN,Control over territory,0
SMR,Control over territory,0
SPM,Control over territory,0
SXM,Control over territory,0
TCA,Control over territory,0
TON,Control over territory,0
TUV,Control over territory,0
VAT,Control over territory,0
VCT,Control over territory,0
VGB,Control over territory,0
VIR,Control over territory,0
WSM,Control over territory,0
ABW,Corruption,0
ADO,Corruption,0
AIA,Corruption,0
ANT,Corruption,0
ASM,Corruption,0
ATG,Corruption,0
BLZ,Corruption,0
BMU,Corruption,0
CHI,Corruption,0
COK,Corruption,0
CUW,Corruption,0
CYM,Corruption,0
FJI,Corruption,0
FLK,Corruption,0
FRO,Corruption,0
FSM,Corruption,0
GGY,Corruption,0
GIB,Corruption,0
GLP,Corruption,0
GRL,Corruption,0
GUF,Corruption,0
GUM,Corruption,0
IMN,Corruption,0
JEY,Corruption,0
KIR,Corruption,0
KNA,Corruption,0
LIE,Corruption,0
MAC,Corruption,0
MAF,Corruption,0
MCO,Corruption,0
MHL,Corruption,0
MNP,Corruption,0
MSR,Corruption,0
MTQ,Corruption,0
MYT,Corruption,0
NCL,Corruption,0
NIU,Corruption,0
NRU,Corruption,0
PLW,Corruption,0
PRI,Corruption,0
PSE,Corruption,0
PYF,Corruption,0
REU,Corruption,0
SHN,Corruption,0
SMR,Corruption,0
SPM,Corruption,0
SXM,Corruption,0
TCA,Corruption,0
TON,Corruption,0
TUV,Corruption,0
VAT,Corruption,0
VGB,Corruption,0
VIR,Corruption,0
WSM,Corruption,0
ADO,Debt,0
AIA,Debt,0
ANT,Debt,0
ASM,Debt,0
BMU,Debt,0
CHI,Debt,0
COK,Debt,0
CUB,Debt,0
CUW,Debt,0
CYM,Debt,0
FLK,Debt,0
FRO,Debt,0
GGY,Debt,0
GIB,Debt,0
GLP,Debt,0
GRL,Debt,0
GUF,Debt,0
GUM,Debt,0
IMN,Debt,0
JEY,Debt,0
LBY,Debt,0
LIE,Debt,0
MAF,Debt,0
MCO,Debt,0
MNG,Debt,0
MNP,Debt,0
MSR,Debt,0
MTQ,Debt,0
MYT,Debt,0
NCL,Debt,0
NIU,Debt,0
PLW,Debt,0
PRK,Debt,0
PSE,Debt,0
PYF,Debt,0
REU,Debt,0
SHN,Debt,0
SOM,Debt,0
SPM,Debt,0
SXM,Debt,0
SYR,Debt,0
TCA,Debt,0
TON,Debt,0
VAT,Debt,0
VGB,Debt,0
VIR,Debt,0
ABW,Disaster risk,0
ADO,Disaster risk,0
AIA,Disaster risk,0
ANT,Disaster risk,0
ASM,Disaster risk,0
BMU,Disaster risk,0
CHI,Disaster risk,0
COK,Disaster risk,0
CUW,Disaster risk,0
CYM,Disaster risk,0
FLK,Disaster risk,0
FRO,Disaster risk,0
GGY,Disaster risk,0
GIB,Disaster risk,0
GLP,Disaster risk,0
GRL,Disaster risk,0
GUF,Disaster risk,0
GUM,Disaster risk,0
HKG,Disaster risk,0
IMN,Disaster risk,0
JEY,Disaster risk,0
MAC,Disaster risk,0
MAF,Disaster risk,0
MCO,Disaster risk,0
MNP,Disaster risk,0
MSR,Disaster risk,0
MTQ,Disaster risk,0
MYT,Disaster risk,0
NCL,Disaster risk,0
NIU,Disaster risk,0
PRI,Disaster risk,0
PYF,Disaster risk,0
REU,Disaster risk,0
SHN,Disaster risk,0
SMR,Disaster risk,0
SPM,Disaster risk,0
SXM,Disaster risk,0
TCA,Disaster risk,0
TWN,Disaster risk,0
VAT,Disaster risk,0
VGB,Disaster risk,0
VIR,Disaster risk,0
XKX,Disaster risk,0
ABW,Education,0
AIA,Education,0
ANT,Education,0
ASM,Education,0
BMU,Education,0
CHI,Education,0
COK,Education,0
CUW,Education,0
CYM,Education,0
FLK,Education,0
FRO,Education,0
GGY,Education,0
GIB,Education,0
GLP,Education,0
GRL,Education,0
GUF,Education,0
GUM,Education,0
IMN,Education,0
JEY,Education,0
MAC,Education,0
MAF,Education,0
MCO,Education,0
MNP,Education,0
MSR,Education,0
MTQ,Education,0
MYT,Education,0
NCL,Education,0
NIU,Education,0
NRU,Education,0
PRI,Education,0
PRK,Education,0
PYF,Education,0
REU,Education,0
SHN,Education,0
SMR,Education,0
SOM,Education,0
SPM,Education,0
SXM,Education,0
TCA,Education,0
TUV,Education,0
TWN,Education,0
VAT,Education,0
VGB,Education,0
VIR,Education,0
XKX,Education,0
ABW,Environmental performance,0
ADO,Environmental performance,0
AIA,Environmental performance,0
ANT,Environmental performance,0
ASM,Environmental performance,0
BMU,Environmental performance,0
CHI,Environmental performance,0
COK,Environmental performance,0
CUW,Environmental performance,0
CYM,Environmental performance,0
FLK,Environmental performance,0
FRO,Environmental performance,0
GGY,Environmental performance,0
GIB,Environmental performance,0
GLP,Environmental performance,0
GRL,Environmental performance,0
GUF,Environmental performance,0
GUM,Environmental performance,0
HKG,Environmental performance,0
IMN,Environmental performance,0
JEY,Environmental performance,0
KNA,Environmental performance,0
LIE,Environmental performance,0
MAC,Environmental performance,0
MAF,Environmental performance,0
MCO,Environmental performance,0
MHL,Environmental performance,0
MNP,Environmental performance,0
MSR,Environmental performance,0
MTQ,Environmental performance,0
MYT,Environmental performance,0
NCL,Environmental performance,0
NIU,Environmental performance,0
NRU,Environmental performance,0
PLW,Environmental performance,0
PRI,Environmental performance,0
PRK,Environmental performance,0
PSE,Environmental performance,0
PYF,Environmental performance,0
REU,Environmental performance,0
SHN,Environmental performance,0
SMR,Environmental performance,0
SOM,Environmental performance,0
SPM,Environmental performance,0
SSD,Environmental performance,0
SXM,Environmental performance,0
SYR,Environmental performance,0
TCA,Environmental performance,0
TUV,Environmental performance,0
VAT,Environmental performance,0
VGB,Environmental performance,0
VIR,Environmental performance,0
XKX,Environmental performance,0
YEM,Environmental performance,0
ABW,Food insecurity,0
ADO,Food insecurity,0
AIA,Food insecurity,0
ANT,Food insecurity,0
ASM,Food insecurity,0
BMU,Food insecurity,0
CHI,Food insecurity,0
COK,Food insecurity,0
CUW,Food insecurity,0
CYM,Food insecurity,0
FLK,Food insecurity,0
FRO,Food insecurity,0
GGY,Food insecurity,0
GIB,Food insecurity,0
GLP,Food insecurity,0
GRL,Food insecurity,0
GUF,Food insecurity,0
GUM,Food insecurity,0
HKG,Food insecurity,0
IMN,Food insecurity,0
JEY,Food insecurity,0
MAC,Food insecurity,0
MAF,Food insecurity,0
MCO,Food insecurity,0
MNP,Food insecurity,0
MSR,Food insecurity,0
MTQ,Food insecurity,0
MYT,Food insecurity,0
NCL,Food insecurity,0
NIU,Food insecurity,0
PRI,Food insecurity,0
PYF,Food insecurity,0
REU,Food insecurity,0
SHN,Food insecurity,0
SMR,Food insecurity,0
SPM,Food insecurity,0
SXM,Food insecurity,0
TCA,Food insecurity,0
TWN,Food insecurity,0
VAT,Food insecurity,0
VGB,Food insecurity,0
VIR,Food insecurity,0
XKX,Food insecurity,0
ABW,Formal alliances,0
AIA,Formal alliances,0
ANT,Formal alliances,0
ASM,Formal alliances,0
BMU,Formal alliances,0
BTN,Formal alliances,0
CHI,Formal alliances,0
COK,Formal alliances,0
CUW,Formal alliances,0
CYM,Formal alliances,0
FLK,Formal alliances,0
FRO,Formal alliances,0
FSM,Formal alliances,0
GGY,Formal alliances,0
GIB,Formal alliances,0
GLP,Formal alliances,0
GRL,Formal alliances,0
GUF,Formal alliances,0
GUM,Formal alliances,0
HKG,Formal alliances,0
IMN,Formal alliances,0
JEY,Formal alliances,0
MAC,Formal alliances,0
MAF,Formal alliances,0
MHL,Formal alliances,0
MNP,Formal alliances,0
MSR,Formal alliances,0
MTQ,Formal alliances,0
MYT,Formal alliances,0
NCL,Formal alliances,0
NIU,Formal alliances,0
NRU,Formal alliances,0
PLW,Formal alliances,0
PRI,Formal alliances,0
PSE,Formal alliances,0
PYF,Formal alliances,0
REU,Formal alliances,0
SHN,Formal alliances,0
SLB,Formal alliances,0
SPM,Formal alliances,0
SRB,Formal alliances,0
SXM,Formal alliances,0
TCA,Formal alliances,0
TWN,Formal alliances,0
VAT,Formal alliances,0
VGB,Formal alliances,0
VIR,Formal alliances,0
VUT,Formal alliances,0
XKX,Formal alliances,0
AIA,GDP growth,0
ANT,GDP growth,0
CHI,GDP growth,0
COK,GDP growth,0
FLK,GDP growth,0
FRO,GDP growth,0
GGY,GDP growth,0
GIB,GDP growth,0
GLP,GDP growth,0
GUF,GDP growth,0
JEY,GDP growth,0
LIE,GDP growth,0
MAF,GDP growth,0
MSR,GDP growth,0
MTQ,GDP growth,0
MYT,GDP growth,0
NCL,GDP growth,0
NIU,GDP growth,0
PRK,GDP growth,0
PYF,GDP growth,0
REU,GDP growth,0
SHN,GDP growth,0
SOM,GDP growth,0
SPM,GDP growth,0
SYR,GDP growth,0
TWN,GDP growth,0
VAT,GDP growth,0
VGB,GDP growth,0
ABW,Gender discrimination,0
ADO,Gender discrimination,0
AIA,Gender discrimination,0
ANT,Gender discrimination,0
ARE,Gender discrimination,0
ARG,Gender discrimination,0
ASM,Gender discrimination,0
ATG,Gender discrimination,0
BHR,Gender discrimination,0
BHS,Gender discrimination,0
BLZ,Gender discrimination,0
BMU,Gender discrimination,0
BRB,Gender discrimination,0
BRN,Gender discrimination,0
BWA,Gender discrimination,0
CHI,Gender discrimination,0
CHN,Gender discrimination,0
COG,Gender discrimination,0
COK,Gender discrimination,0
CUB,Gender discrimination,0
CUW,Gender discrimination,0
CYM,Gender discrimination,0
DJI,Gender discrimination,0
DMA,Gender discrimination,0
DZA,Gender discrimination,0
EGY,Gender discrimination,0
ERI,Gender discrimination,0
FJI,Gender discrimination,0
FLK,Gender discrimination,0
FRO,Gender discrimination,0
FSM,Gender discrimination,0
GGY,Gender discrimination,0
GIB,Gender discrimination,0
GLP,Gender discrimination,0
GNB,Gender discrimination,0
GRD,Gender discrimination,0
GRL,Gender discrimination,0
GUF,Gender discrimination,0
GUM,Gender discrimination,0
GUY,Gender discrimination,0
IMN,Gender discrimination,0
JEY,Gender discrimination,0
KIR,Gender discrimination,0
KNA,Gender discrimination,0
KWT,Gender discrimination,0
LBY,Gender discrimination,0
LCA,Gender discrimination,0
LIE,Gender discrimination,0
MAC,Gender discrimination,0
MAF,Gender discrimination,0
MCO,Gender discrimination,0
MHL,Gender discrimination,0
MNE,Gender discrimination,0
MNP,Gender discrimination,0
MRT,Gender discrimination,0
MSR,Gender discrimination,0
MTQ,Gender discrimination,0
MUS,Gender discrimination,0
MYS,Gender discrimination,0
MYT,Gender discrimination,0
NCL,Gender discrimination,0
NER,Gender discrimination,0
NIU,Gender discrimination,0
NRU,Gender discrimination,0
OMN,Gender discrimination,0
PAN,Gender discrimination,0
PLW,Gender discrimination,0
PNG,Gender discrimination,0
PRI,Gender discrimination,0
PRK,Gender discrimination,0
PSE,Gender discrimination,0
PYF,Gender discrimination,0
QAT,Gender discrimination,0
REU,Gender discrimination,0
SAU,Gender discrimination,0
SDN,Gender discrimination,0
SHN,Gender discrimination,0
SMR,Gender discrimination,0
SOM,Gender discrimination,0
SPM,Gender discrimination,0
SSD,Gender discrimination,0
SUR,Gender discrimination,0
SWZ,Gender discrimination,0
SXM,Gender discrimination,0
SYC,Gender discrimination,0
SYR,Gender discrimination,0
TCA,Gender discrimination,0
TKM,Gender discrimination,0
TON,Gender discrimination,0
TUV,Gender discrimination,0
TWN,Gender discrimination,0
UZB,Gender discrimination,0
VAT,Gender discrimination,0
VCT,Gender discrimination,0
VEN,Gender discrimination,0
VGB,Gender discrimination,0
VIR,Gender discrimination,0
VUT,Gender discrimination,0
XKX,Gender discrimination,0
ABW,Gender inequality,0
ADO,Gender inequality,0
AIA,Gender inequality,0
ANT,Gender inequality,0
ASM,Gender inequality,0
ATG,Gender inequality,0
BMU,Gender inequality,0
CHI,Gender inequality,0
COK,Gender inequality,0
COM,Gender inequality,0
CUW,Gender inequality,0
CYM,Gender inequality,0
DJI,Gender inequality,0
DMA,Gender inequality,0
ERI,Gender inequality,0
FLK,Gender inequality,0
FRO,Gender inequality,0
FSM,Gender inequality,0
GGY,Gender inequality,0
GIB,Gender inequality,0
GIN,Gender inequality,0
GLP,Gender inequality,0
GNB,Gender inequality,0
GNQ,Gender inequality,0
GRD,Gender inequality,0
GRL,Gender inequality,0
GUF,Gender inequality,0
GUM,Gender inequality,0
HKG,Gender inequality,0
IMN,Gender inequality,0
JEY,Gender inequality,0
KIR,Gender inequality,0
KNA,Gender inequality,0
LIE,Gender inequality,0
MAC,Gender inequality,0
MAF,Gender inequality,0
MCO,Gender inequality,0
MDG,Gender inequality,0
MHL,Gender inequality,0
MNP,Gender inequality,0
MSR,Gender inequality,0
MTQ,Gender inequality,0
MYT,Gender inequality,0
NCL,Gender inequality,0
NGA,Gender inequality,0
NIU,Gender inequality,0
NRU,Gender inequality,0
PLW,Gender inequality,0
PRI,Gender inequality,0
PRK,Gender inequality,0
PSE,Gender inequality,0
PYF,Gender inequality,0
REU,Gender inequality,0
SHN,Gender inequality,0
SLB,Gender inequality,0
SMR,Gender inequality,0
SOM,Gender inequality,0
SPM,Gender inequality,0
SSD,Gender inequality,0
SXM,Gender inequality,0
SYC,Gender inequality,0
TCA,Gender inequality,0
TKM,Gender inequality,0
TLS,Gender inequality,0
TUV,Gender inequality,0
TWN,Gender inequality,0
VAT,Gender inequality,0
VCT,Gender inequality,0
VGB,Gender inequality,0
VIR,Gender inequality,0
VUT,Gender inequality,0
XKX,Gender inequality,0
ABW,GINI,0
ADO,GINI,0
AIA,GINI,0
ANT,GINI,0
ARE,GINI,0
ASM,GINI,0
ATG,GINI,0
BHR,GINI,0
BHS,GINI,0
BLZ,GINI,0
BMU,GINI,0
BRN,GINI,0
CHI,GINI,0
COK,GINI,0
COM,GINI,0
CUW,GINI,0
CYM,GINI,0
DMA,GINI,0
ERI,GINI,0
FLK,GINI,0
FRO,GINI,0
FSM,GINI,0
GGY,GINI,0
GIB,GINI,0
GLP,GINI,0
GNQ,GINI,0
GRD,GINI,0
GRL,GINI,0
GUF,GINI,0
GUM,GINI,0
HKG,GINI,0
IMN,GINI,0
JEY,GINI,0
KIR,GINI,0
KNA,GINI,0
KWT,GINI,0
LBY,GINI,0
LIE,GINI,0
LUX,GINI,0
MAC,GINI,0
MAF,GINI,0
MCO,GINI,0
MHL,GINI,0
MLT,GINI,0
MNP,GINI,0
MSR,GINI,0
MTQ,GINI,0
MYT,GINI,0
NCL,GINI,0
NIU,GINI,0
NRU,GINI,0
OMN,GINI,0
PLW,GINI,0
PRI,GINI,0
PRK,GINI,0
PSE,GINI,0
PYF,GINI,0
REU,GINI,0
SAU,GINI,0
SHN,GINI,0
SLB,GINI,0
SMR,GINI,0
SPM,GINI,0
SSD,GINI,0
SXM,GINI,0
TCA,GINI,0
TON,GINI,0
TUV,GINI,0
VAT,GINI,0
VCT,GINI,0
VGB,GINI,0
VIR,GINI,0
VNM,GINI,0
VUT,GINI,0
CHI,Government effectiveness,0
CUW,Government effectiveness,0
FLK,Government effectiveness,0
FRO,Government effectiveness,0
GGY,Government effectiveness,0
GIB,Government effectiveness,0
GLP,Government effectiveness,0
IMN,Government effectiveness,0
MAF,Government effectiveness,0
MCO,Government effectiveness,0
MNP,Government effectiveness,0
MSR,Government effectiveness,0
MYT,Government effectiveness,0
NCL,Government effectiveness,0
PYF,Government effectiveness,0
SHN,Government effectiveness,0
SMR,Government effectiveness,0
SPM,Government effectiveness,0
SXM,Government effectiveness,0
TCA,Government effectiveness,0
VAT,Government effectiveness,0
VGB,Government effectiveness,0
ANT,Homicide rate,0
CIV,Homicide rate,0
COD,Homicide rate,0
COG,Homicide rate,0
COM,Homicide rate,0
CUW,Homicide rate,0
DJI,Homicide rate,0
ERI,Homicide rate,0
ETH,Homicide rate,0
FLK,Homicide rate,0
FRO,Homicide rate,0
FSM,Homicide rate,0
GAB,Homicide rate,0
GGY,Homicide rate,0
GIN,Homicide rate,0
GMB,Homicide rate,0
GNQ,Homicide rate,0
GUF,Homicide rate,0
JEY,Homicide rate,0
LAO,Homicide rate,0
LBY,Homicide rate,0
MDG,Homicide rate,0
MHL,Homicide rate,0
MLI,Homicide rate,0
MNP,Homicide rate,0
MRT,Homicide rate,0
MTQ,Homicide rate,0
MYT,Homicide rate,0
NCL,Homicide rate,0
NGA,Homicide rate,0
NIU,Homicide rate,0
NRU,Homicide rate,0
PLW,Homicide rate,0
PRK,Homicide rate,0
PYF,Homicide rate,0
REU,Homicide rate,0
SDN,Homicide rate,0
SEN,Homicide rate,0
SHN,Homicide rate,0
SLB,Homicide rate,0
SOM,Homicide rate,0
SPM,Homicide rate,0
SXM,Homicide rate,0
TCD,Homicide rate,0
TGO,Homicide rate,0
TKM,Homicide rate,0
VGB,Homicide rate,0
VUT,Homicide rate,0
ABW,Horizontal inequality,0
ADO,Horizontal inequality,0
AIA,Horizontal inequality,0
ANT,Horizontal inequality,0
ASM,Horizontal inequality,0
ATG,Horizontal inequality,0
BHS,Horizontal inequality,0
BLZ,Horizontal inequality,0
BMU,Horizontal inequality,0
BRN,Horizontal inequality,0
CHI,Horizontal inequality,0
COK,Horizontal inequality,0
CUW,Horizontal inequality,0
CYM,Horizontal inequality,0
DMA,Horizontal inequality,0
FLK,Horizontal inequality,0
FRO,Horizontal inequality,0
FSM,Horizontal inequality,0
GGY,Horizontal inequality,0
GIB,Horizontal inequality,0
GLP,Horizontal inequality,0
GRD,Horizontal inequality,0
GRL,Horizontal inequality,0
GUF,Horizontal inequality,0
GUM,Horizontal inequality,0
IMN,Horizontal inequality,0
JEY,Horizontal inequality,0
KIR,Horizontal inequality,0
KNA,Horizontal inequality,0
LCA,Horizontal inequality,0
LIE,Horizontal inequality,0
MAC,Horizontal inequality,0
MAF,Horizontal inequality,0
MCO,Horizontal inequality,0
MHL,Horizontal inequality,0
MNP,Horizontal inequality,0
MSR,Horizontal inequality,0
MTQ,Horizontal inequality,0
MYT,Horizontal inequality,0
NCL,Horizontal inequality,0
NIU,Horizontal inequality,0
NRU,Horizontal inequality,0
PLW,Horizontal inequality,0
PRI,Horizontal inequality,0
PYF,Horizontal inequality,0
REU,Horizontal inequality,0
SHN,Horizontal inequality,0
SMR,Horizontal inequality,0
SPM,Horizontal inequality,0
SXM,Horizontal inequality,0
TCA,Horizontal inequality,0
TON,Horizontal inequality,0
TUV,Horizontal inequality,0
VAT,Horizontal inequality,0
VCT,Horizontal inequality,0
VGB,Horizontal inequality,0
VIR,Horizontal inequality,0
WSM,Horizontal inequality,0
FLK,Impact of terrorism,0
GGY,Impact of terrorism,0
SXM,Impact of terrorism,0
ABW,Infectious diseases,0
AIA,Infectious diseases,0
ANT,Infectious diseases,0
CHI,Infectious diseases,0
COK,Infectious diseases,0
CUW,Infectious diseases,0
CYM,Infectious diseases,0
FLK,Infectious diseases,0
FRO,Infectious diseases,0
GGY,Infectious diseases,0
GIB,Infectious diseases,0
GLP,Infectious diseases,0
GUF,Infectious diseases,0
HKG,Infectious diseases,0
IMN,Infectious diseases,0
JEY,Infectious diseases,0
KNA,Infectious diseases,0
LIE,Infectious diseases,0
MAC,Infectious diseases,0
MAF,Infectious diseases,0
MCO,Infectious diseases,0
MSR,Infectious diseases,0
MTQ,Infectious diseases,0
MYT,Infectious diseases,0
NCL,Infectious diseases,0
NIU,Infectious diseases,0
NRU,Infectious diseases,0
PLW,Infectious diseases,0
PYF,Infectious diseases,0
REU,Infectious diseases,0
SHN,Infectious diseases,0
SMR,Infectious diseases,0
SPM,Infectious diseases,0
SXM,Infectious diseases,0
TCA,Infectious diseases,0
TUV,Infectious diseases,0
VAT,Infectious diseases,0
VGB,Infectious diseases,0
XKX,Infectious diseases,0
ABW,Judicial constraints,0
ADO,Judicial constraints,0
AIA,Judicial constraints,0
ANT,Judicial constraints,0
ASM,Judicial constraints,0
ATG,Judicial constraints,0
BHS,Judicial constraints,0
BLZ,Judicial constraints,0
BMU,Judicial constraints,0
BRN,Judicial constraints,0
CHI,Judicial constraints,0
COK,Judicial constraints,0
CUW,Judicial constraints,0
CYM,Judicial constraints,0
DMA,Judicial constraints,0
FLK,Judicial constraints,0
FRO,Judicial constraints,0
FSM,Judicial constraints,0
GGY,Judicial constraints,0
GIB,Judicial constraints,0
GLP,Judicial constraints,0
GRD,Judicial constraints,0
GRL,Judicial constraints,0
GUF,Judicial constraints,0
GUM,Judicial constraints,0
IMN,Judicial constraints,0
JEY,Judicial constraints,0
KIR,Judicial constraints,0
KNA,Judicial constraints,0
LCA,Judicial constraints,0
LIE,Judicial constraints,0
MAC,Judicial constraints,0
MAF,Judicial constraints,0
MCO,Judicial constraints,0
MHL,Judicial constraints,0
MNP,Judicial constraints,0
MSR,Judicial constraints,0
MTQ,Judicial constraints,0
MYT,Judicial constraints,0
NCL,Judicial constraints,0
NIU,Judicial constraints,0
NRU,Judicial constraints,0
PLW,Judicial constraints,0
PRI,Judicial constraints,0
PYF,Judicial constraints,0
REU,Judicial constraints,0
SHN,Judicial constraints,0
SMR,Judicial constraints,0
SPM,Judicial constraints,0
SXM,Judicial constraints,0
TCA,Judicial constraints,0
TON,Judicial constraints,0
TUV,Judicial constraints,0
VAT,Judicial constraints,0
VCT,Judicial constraints,0
VGB,Judicial constraints,0
VIR,Judicial constraints,0
WSM,Judicial constraints,0
ABW,Legislative constraints,0
ADO,Legislative constraints,0
AIA,Legislative constraints,0
ANT,Legislative constraints,0
ASM,Legislative constraints,0
ATG,Legislative constraints,0
BHS,Legislative constraints,0
BLZ,Legislative constraints,0
BMU,Legislative constraints,0
BRN,Legislative constraints,0
CHI,Legislative constraints,0
COK,Legislative constraints,0
CUW,Legislative constraints,0
CYM,Legislative constraints,0
DMA,Legislative constraints,0
FLK,Legislative constraints,0
FRO,Legislative constraints,0
FSM,Legislative constraints,0
GGY,Legislative constraints,0
GIB,Legislative constraints,0
GLP,Legislative constraints,0
GRD,Legislative constraints,0
GRL,Legislative constraints,0
GUF,Legislative constraints,0
GUM,Legislative constraints,0
IMN,Legislative constraints,0
JEY,Legislative constraints,0
KIR,Legislative constraints,0
KNA,Legislative constraints,0
LCA,Legislative constraints,0
LIE,Legislative constraints,0
MAC,Legislative constraints,0
MAF,Legislative constraints,0
MCO,Legislative constraints,0
MHL,Legislative constraints,0
MNP,Legislative constraints,0
MSR,Legislative constraints,0
MTQ,Legislative constraints,0
MYT,Legislative constraints,0
NCL,Legislative constraints,0
NIU,Legislative constraints,0
NRU,Legislative constraints,0
PLW,Legislative constraints,0
PRI,Legislative constraints,0
PSE,Legislative constraints,0
PYF,Legislative constraints,0
REU,Legislative constraints,0
SHN,Legislative constraints,0
SMR,Legislative constraints,0
SPM,Legislative constraints,0
SXM,Legislative constraints,0
TCA,Legislative constraints,0
TON,Legislative constraints,0
TUV,Legislative constraints,0
VAT,Legislative constraints,0
VCT,Legislative constraints,0
VGB,Legislative constraints,0
VIR,Legislative constraints,0
WSM,Legislative constraints,0
ADO,NEET,0
AIA,NEET,0
ASM,NEET,0
ATG,NEET,0
AZE,NEET,0
BFA,NEET,0
BHR,NEET,0
BHS,NEET,0
BLR,NEET,0
BRB,NEET,0
BTN,NEET,0
BWA,NEET,0
CAF,NEET,0
CHI,NEET,0
CHN,NEET,0
COG,NEET,0
CUB,NEET,0
CYM,NEET,0
DJI,NEET,0
DMA,NEET,0
ERI,NEET,0
FRO,NEET,0
GAB,NEET,0
GIB,NEET,0
GIN,NEET,0
GLP,NEET,0
GNB,NEET,0
GNQ,NEET,0
GRD,NEET,0
GRL,NEET,0
GUF,NEET,0
GUM,NEET,0
IMN,NEET,0
JAM,NEET,0
JEY,NEET,0
JOR,NEET,0
KNA,NEET,0
KOR,NEET,0
KWT,NEET,0
LBN,NEET,0
LBY,NEET,0
LCA,NEET,0
LIE,NEET,0
LSO,NEET,0
MAF,NEET,0
MAR,NEET,0
MCO,NEET,0
MHL,NEET,0
MNP,NEET,0
MOZ,NEET,0
MSR,NEET,0
MTQ,NEET,0
MYT,NEET,0
NIU,NEET,0
OMN,NEET,0
PRI,NEET,0
PRK,NEET,0
PYF,NEET,0
SHN,NEET,0
SMR,NEET,0
SOM,NEET,0
SPM,NEET,0
SSD,NEET,0
STP,NEET,0
SUR,NEET,0
SXM,NEET,0
SYC,NEET,0
SYR,NEET,0
TCA,NEET,0
TCD,NEET,0
TJK,NEET,0
TKM,NEET,0
TON,NEET,0
TWN,NEET,0
UZB,NEET,0
VAT,NEET,0
VCT,NEET,0
VGB,NEET,0
VIR,NEET,0
VUT,NEET,0
FLK,Non-state and one-sided violence,0
GGY,Non-state and one-sided violence,0
SXM,Non-state and one-sided violence,0
ABW,Physical integrity,0
ADO,Physical integrity,0
AIA,Physical integrity,0
ANT,Physical integrity,0
ASM,Physical integrity,0
ATG,Physical integrity,0
BHS,Physical integrity,0
BLZ,Physical integrity,0
BMU,Physical integrity,0
BRN,Physical integrity,0
CHI,Physical integrity,0
COK,Physical integrity,0
CUW,Physical integrity,0
CYM,Physical integrity,0
DMA,Physical integrity,0
FLK,Physical integrity,0
FRO,Physical integrity,0
FSM,Physical integrity,0
GGY,Physical integrity,0
GIB,Physical integrity,0
GLP,Physical integrity,0
GRD,Physical integrity,0
GRL,Physical integrity,0
GUF,Physical integrity,0
GUM,Physical integrity,0
IMN,Physical integrity,0
JEY,Physical integrity,0
KIR,Physical integrity,0
KNA,Physical integrity,0
LCA,Physical integrity,0
LIE,Physical integrity,0
MAC,Physical integrity,0
MAF,Physical integrity,0
MCO,Physical integrity,0
MHL,Physical integrity,0
MNP,Physical integrity,0
MSR,Physical integrity,0
MTQ,Physical integrity,0
MYT,Physical integrity,0
NCL,Physical integrity,0
NIU,Physical integrity,0
NRU,Physical integrity,0
PLW,Physical integrity,0
PRI,Physical integrity,0
PYF,Physical integrity,0
REU,Physical integrity,0
SHN,Physical integrity,0
SMR,Physical integrity,0
SPM,Physical integrity,0
SXM,Physical integrity,0
TCA,Physical integrity,0
TON,Physical integrity,0
TUV,Physical integrity,0
VAT,Physical integrity,0
VCT,Physical integrity,0
VGB,Physical integrity,0
VIR,Physical integrity,0
WSM,Physical integrity,0
ABW,Police officers,0
ADO,Police officers,0
AIA,Police officers,0
ANT,Police officers,0
ASM,Police officers,0
ATG,Police officers,0
BHS,Police officers,0
BLZ,Police officers,0
BMU,Police officers,0
BRB,Police officers,0
BRN,Police officers,0
CHI,Police officers,0
COK,Police officers,0
COM,Police officers,0
CPV,Police officers,0
CUW,Police officers,0
CYM,Police officers,0
DMA,Police officers,0
FJI,Police officers,0
FLK,Police officers,0
FRO,Police officers,0
FSM,Police officers,0
GGY,Police officers,0
GIB,Police officers,0
GLP,Police officers,0
GRD,Police officers,0
GRL,Police officers,0
GUF,Police officers,0
GUM,Police officers,0
HKG,Police officers,0
IMN,Police officers,0
JEY,Police officers,0
KIR,Police officers,0
KNA,Police officers,0
LCA,Police officers,0
LIE,Police officers,0
LUX,Police officers,0
MAC,Police officers,0
MAF,Police officers,0
MCO,Police officers,0
MDV,Police officers,0
MHL,Police officers,0
MLT,Police officers,0
MNP,Police officers,0
MSR,Police officers,0
MTQ,Police officers,0
MYT,Police officers,0
NCL,Police officers,0
NIU,Police officers,0
NRU,Police officers,0
PLW,Police officers,0
PRI,Police officers,0
PYF,Police officers,0
REU,Police officers,0
SHN,Police officers,0
SLB,Police officers,0
SMR,Police officers,0
SPM,Police officers,0
STP,Police officers,0
SUR,Police officers,0
SXM,Police officers,0
SYC,Police officers,0
TCA,Police officers,0
TON,Police officers,0
TUV,Police officers,0
VAT,Police officers,0
VCT,Police officers,0
VGB,Police officers,0
VIR,Police officers,0
VUT,Police officers,0
WSM,Police officers,0
ABW,Regional government independence,0
ADO,Regional government independence,0
AIA,Regional government independence,0
ANT,Regional government independence,0
ASM,Regional government independence,0
ATG,Regional government independence,0
BHS,Regional government independence,0
BLZ,Regional government independence,0
BMU,Regional government independence,0
BRN,Regional government independence,0
CHI,Regional government independence,0
COK,Regional government independence,0
CUW,Regional government independence,0
CYM,Regional government independence,0
DMA,Regional government independence,0
FLK,Regional government independence,0
FRO,Regional government independence,0
FSM,Regional government independence,0
GGY,Regional government independence,0
GIB,Regional government independence,0
GLP,Regional government independence,0
GRD,Regional government independence,0
GRL,Regional government independence,0
GUF,Regional government independence,0
GUM,Regional government independence,0
IMN,Regional government independence,0
JEY,Regional government independence,0
KIR,Regional government independence,0
KNA,Regional government independence,0
LCA,Regional government independence,0
LIE,Regional government independence,0
MAC,Regional government independence,0
MAF,Regional government independence,0
MCO,Regional government independence,0
MHL,Regional government independence,0
MNP,Regional government independence,0
MSR,Regional government independence,0
MTQ,Regional government independence,0
MYT,Regional government independence,0
NCL,Regional government independence,0
NIU,Regional government independence,0
NRU,Regional government independence,0
PLW,Regional government independence,0
PRI,Regional government independence,0
PYF,Regional government independence,0
REU,Regional government independence,0
SHN,Regional government independence,0
SMR,Regional government independence,0
SPM,Regional government independence,0
SXM,Regional government independence,0
TCA,Regional government independence,0
TON,Regional government independence,0
TUV,Regional government independence,0
VAT,Regional government independence,0
VCT,Regional government independence,0
VGB,Regional government independence,0
VIR,Regional government independence,0
WSM,Regional government independence,0
CHI,Regulatory quality,0
CUW,Regulatory quality,0
FLK,Regulatory quality,0
FRO,Regulatory quality,0
GGY,Regulatory quality,0
GIB,Regulatory quality,0
GLP,Regulatory quality,0
IMN,Regulatory quality,0
MAF,Regulatory quality,0
MCO,Regulatory quality,0
MNP,Regulatory quality,0
MSR,Regulatory quality,0
MYT,Regulatory quality,0
NCL,Regulatory quality,0
PYF,Regulatory quality,0
SHN,Regulatory quality,0
SMR,Regulatory quality,0
SPM,Regulatory quality,0
SXM,Regulatory quality,0
TCA,Regulatory quality,0
VAT,Regulatory quality,0
VGB,Regulatory quality,0
ABW,Remoteness,0
ADO,Remoteness,0
AIA,Remoteness,0
ALB,Remoteness,0
ANT,Remoteness,0
ASM,Remoteness,0
BGR,Remoteness,0
BIH,Remoteness,0
BLR,Remoteness,0
BMU,Remoteness,0
CHI,Remoteness,0
COK,Remoteness,0
CUW,Remoteness,0
CYM,Remoteness,0
FLK,Remoteness,0
FRO,Remoteness,0
GGY,Remoteness,0
GIB,Remoteness,0
GLP,Remoteness,0
GRL,Remoteness,0
GUF,Remoteness,0
GUM,Remoteness,0
HKG,Remoteness,0
HRV,Remoteness,0
IMN,Remoteness,0
JEY,Remoteness,0
LIE,Remoteness,0
MAC,Remoteness,0
MAF,Remoteness,0
MCO,Remoteness,0
MDA,Remoteness,0
MKD,Remoteness,0
MLT,Remoteness,0
MNE,Remoteness,0
MNP,Remoteness,0
MSR,Remoteness,0
MTQ,Remoteness,0
MYT,Remoteness,0
NCL,Remoteness,0
NIU,Remoteness,0
PRI,Remoteness,0
PSE,Remoteness,0
PYF,Remoteness,0
REU,Remoteness,0
ROM,Remoteness,0
RUS,Remoteness,0
SHN,Remoteness,0
SMR,Remoteness,0
SPM,Remoteness,0
SRB,Remoteness,0
SXM,Remoteness,0
TCA,Remoteness,0
TWN,Remoteness,0
UKR,Remoteness,0
VAT,Remoteness,0
VGB,Remoteness,0
VIR,Remoteness,0
XKX,Remoteness,0
AIA,Resource dependence,0
ANT,Resource dependence,0
CHI,Resource dependence,0
COK,Resource dependence,0
CUW,Resource dependence,0
CYM,Resource dependence,0
FLK,Resource dependence,0
GGY,Resource dependence,0
GIB,Resource dependence,0
GLP,Resource dependence,0
GUF,Resource dependence,0
JEY,Resource dependence,0
MAF,Resource dependence,0
MSR,Resource dependence,0
MTQ,Resource dependence,0
MYT,Resource dependence,0
NCL,Resource dependence,0
NIU,Resource dependence,0
PRK,Resource dependence,0
PYF,Resource dependence,0
REU,Resource dependence,0
SHN,Resource dependence,0
SPM,Resource dependence,0
SXM,Resource dependence,0
SYR,Resource dependence,0
TCA,Resource dependence,0
TWN,Resource dependence,0
VAT,Resource dependence,0
VGB,Resource dependence,0
CHI,Rule of law,0
CUW,Rule of law,0
FLK,Rule of law,0
FRO,Rule of law,0
GGY,Rule of law,0
GIB,Rule of law,0
GLP,Rule of law,0
IMN,Rule of law,0
MAF,Rule of law,0
MNP,Rule of law,0
MSR,Rule of law,0
MYT,Rule of law,0
NCL,Rule of law,0
PYF,Rule of law,0
SHN,Rule of law,0
SPM,Rule of law,0
SXM,Rule of law,0
TCA,Rule of law,0
VAT,Rule of law,0
VGB,Rule of law,0
ABW,Share of women in labour force,0
ADO,Share of women in labour force,0
AIA,Share of women in labour force,0
ANT,Share of women in labour force,0
ASM,Share of women in labour force,0
ATG,Share of women in labour force,0
BMU,Share of women in labour force,0
COK,Share of women in labour force,0
CUW,Share of women in labour force,0
CYM,Share of women in labour force,0
DMA,Share of women in labour force,0
FLK,Share of women in labour force,0
FRO,Share of women in labour force,0
FSM,Share of women in labour force,0
GGY,Share of women in labour force,0
GIB,Share of women in labour force,0
GLP,Share of women in labour force,0
GRD,Share of women in labour force,0
GRL,Share of women in labour force,0
GUF,Share of women in labour force,0
IMN,Share of women in labour force,0
JEY,Share of women in labour force,0
KIR,Share of women in labour force,0
KNA,Share of women in labour force,0
LIE,Share of women in labour force,0
MAF,Share of women in labour force,0
MCO,Share of women in labour force,0
MHL,Share of women in labour force,0
MNP,Share of women in labour force,0
MSR,Share of women in labour force,0
MTQ,Share of women in labour force,0
MYT,Share of women in labour force,0
NIU,Share of women in labour force,0
NRU,Share of women in labour force,0
PLW,Share of women in labour force,0
REU,Share of women in labour force,0
SHN,Share of women in labour force,0
SMR,Share of women in labour force,0
SPM,Share of women in labour force,0
SXM,Share of women in labour force,0
SYC,Share of women in labour force,0
TCA,Share of women in labour force,0
TUV,Share of women in labour force,0
TWN,Share of women in labour force,0
VAT,Share of women in labour force,0
VGB,Share of women in labour force,0
XKX,Share of women in labour force,0
ABW,Socio-economic vulnerability,0
ADO,Socio-economic vulnerability,0
AIA,Socio-economic vulnerability,0
ANT,Socio-economic vulnerability,0
ASM,Socio-economic vulnerability,0
BMU,Socio-economic vulnerability,0
CHI,Socio-economic vulnerability,0
COK,Socio-economic vulnerability,0
CUW,Socio-economic vulnerability,0
CYM,Socio-economic vulnerability,0
FLK,Socio-economic vulnerability,0
FRO,Socio-economic vulnerability,0
GGY,Socio-economic vulnerability,0
GIB,Socio-economic vulnerability,0
GLP,Socio-economic vulnerability,0
GRL,Socio-economic vulnerability,0
GUF,Socio-economic vulnerability,0
GUM,Socio-economic vulnerability,0
HKG,Socio-economic vulnerability,0
IMN,Socio-economic vulnerability,0
JEY,Socio-economic vulnerability,0
MAC,Socio-economic vulnerability,0
MAF,Socio-economic vulnerability,0
MCO,Socio-economic vulnerability,0
MNP,Socio-economic vulnerability,0
MSR,Socio-economic vulnerability,0
MTQ,Socio-economic vulnerability,0
MYT,Socio-economic vulnerability,0
NCL,Socio-economic vulnerability,0
NIU,Socio-economic vulnerability,0
PRI,Socio-economic vulnerability,0
PYF,Socio-economic vulnerability,0
REU,Socio-economic vulnerability,0
SHN,Socio-economic vulnerability,0
SMR,Socio-economic vulnerability,0
SPM,Socio-economic vulnerability,0
SXM,Socio-economic vulnerability,0
TCA,Socio-economic vulnerability,0
TWN,Socio-economic vulnerability,0
VAT,Socio-economic vulnerability,0
VGB,Socio-economic vulnerability,0
VIR,Socio-economic vulnerability,0
XKX,Socio-economic vulnerability,0
CHI,Stability,0
CUW,Stability,0
FLK,Stability,0
FRO,Stability,0
GGY,Stability,0
GIB,Stability,0
GLP,Stability,0
IMN,Stability,0
MAF,Stability,0
MNP,Stability,0
MSR,Stability,0
MYT,Stability,0
NCL,Stability,0
PYF,Stability,0
SHN,Stability,0
SPM,Stability,0
SXM,Stability,0
TCA,Stability,0
VAT,Stability,0
VGB,Stability,0
ABW,Strength of civil society,0
ADO,Strength of civil society,0
AIA,Strength of civil society,0
ANT,Strength of civil society,0
ASM,Strength of civil society,0
ATG,Strength of civil society,0
BHS,Strength of civil society,0
BLZ,Strength of civil society,0
BMU,Strength of civil society,0
BRN,Strength of civil society,0
CHI,Strength of civil society,0
COK,Strength of civil society,0
CUW,Strength of civil society,0
CYM,Strength of civil society,0
DMA,Strength of civil society,0
FLK,Strength of civil society,0
FRO,Strength of civil society,0
FSM,Strength of civil society,0
GGY,Strength of civil society,0
GIB,Strength of civil society,0
GLP,Strength of civil society,0
GRD,Strength of civil society,0
GRL,Strength of civil society,0
GUF,Strength of civil society,0
GUM,Strength of civil society,0
IMN,Strength of civil society,0
JEY,Strength of civil society,0
KIR,Strength of civil society,0
KNA,Strength of civil society,0
LCA,Strength of civil society,0
LIE,Strength of civil society,0
MAC,Strength of civil society,0
MAF,Strength of civil society,0
MCO,Strength of civil society,0
MHL,Strength of civil society,0
MNP,Strength of civil society,0
MSR,Strength of civil society,0
MTQ,Strength of civil society,0
MYT,Strength of civil society,0
NCL,Strength of civil society,0
NIU,Strength of civil society,0
NRU,Strength of civil society,0
PLW,Strength of civil society,0
PRI,Strength of civil society,0
PYF,Strength of civil society,0
REU,Strength of civil society,0
SHN,Strength of civil society,0
SMR,Strength of civil society,0
SPM,Strength of civil society,0
SXM,Strength of civil society,0
TCA,Strength of civil society,0
TON,Strength of civil society,0
TUV,Strength of civil society,0
VAT,Strength of civil society,0
VCT,Strength of civil society,0
VGB,Strength of civil society,0
VIR,Strength of civil society,0
WSM,Strength of civil society,0
ABW,Unemployment rate,0
ADO,Unemployment rate,0
AIA,Unemployment rate,0
ANT,Unemployment rate,0
ASM,Unemployment rate,0
ATG,Unemployment rate,0
BMU,Unemployment rate,0
COK,Unemployment rate,0
CUW,Unemployment rate,0
CYM,Unemployment rate,0
DMA,Unemployment rate,0
FLK,Unemployment rate,0
FRO,Unemployment rate,0
FSM,Unemployment rate,0
GGY,Unemployment rate,0
GIB,Unemployment rate,0
GLP,Unemployment rate,0
GRD,Unemployment rate,0
GRL,Unemployment rate,0
GUF,Unemployment rate,0
IMN,Unemployment rate,0
JEY,Unemployment rate,0
KIR,Unemployment rate,0
KNA,Unemployment rate,0
LIE,Unemployment rate,0
MAF,Unemployment rate,0
MCO,Unemployment rate,0
MHL,Unemployment rate,0
MNP,Unemployment rate,0
MSR,Unemployment rate,0
MTQ,Unemployment rate,0
MYT,Unemployment rate,0
NIU,Unemployment rate,0
NRU,Unemployment rate,0
PLW,Unemployment rate,0
REU,Unemployment rate,0
SHN,Unemployment rate,0
SMR,Unemployment rate,0
SPM,Unemployment rate,0
SXM,Unemployment rate,0
SYC,Unemployment rate,0
TCA,Unemployment rate,0
TUV,Unemployment rate,0
TWN,Unemployment rate,0
VAT,Unemployment rate,0
VGB,Unemployment rate,0
XKX,Unemployment rate,0
ABW,Uprooted people,0
ADO,Uprooted people,0
AIA,Uprooted people,0
ANT,Uprooted people,0
ASM,Uprooted people,0
BMU,Uprooted people,0
CHI,Uprooted people,0
COK,Uprooted people,0
CUW,Uprooted people,0
CYM,Uprooted people,0
FLK,Uprooted people,0
FRO,Uprooted people,0
GGY,Uprooted people,0
GIB,Uprooted people,0
GLP,Uprooted people,0
GRL,Uprooted people,0
GUF,Uprooted people,0
GUM,Uprooted people,0
HKG,Uprooted people,0
IMN,Uprooted people,0
JEY,Uprooted people,0
MAC,Uprooted people,0
MAF,Uprooted people,0
MCO,Uprooted people,0
MNP,Uprooted people,0
MSR,Uprooted people,0
MTQ,Uprooted people,0
MYT,Uprooted people,0
NCL,Uprooted people,0
NIU,Uprooted people,0
PRI,Uprooted people,0
PYF,Uprooted people,0
REU,Uprooted people,0
SHN,Uprooted people,0
SMR,Uprooted people,0
SPM,Uprooted people,0
SXM,Uprooted people,0
TCA,Uprooted people,0
TWN,Uprooted people,0
VAT,Uprooted people,0
VGB,Uprooted people,0
VIR,Uprooted people,0
XKX,Uprooted people,0
AIA,Urbanisation,0
ANT,Urbanisation,0
COK,Urbanisation,0
FLK,Urbanisation,0
GGY,Urbanisation,0
GLP,Urbanisation,0
GUF,Urbanisation,0
JEY,Urbanisation,0
MAF,Urbanisation,0
MSR,Urbanisation,0
MTQ,Urbanisation,0
MYT,Urbanisation,0
NIU,Urbanisation,0
REU,Urbanisation,0
SHN,Urbanisation,0
SPM,Urbanisation,0
TWN,Urbanisation,0
VAT,Urbanisation,0
XKX,Urbanisation,0
ABW,Violent crime,0
ADO,Violent crime,0
AIA,Violent crime,0
ANT,Violent crime,0
ASM,Violent crime,0
ATG,Violent crime,0
BHS,Violent crime,0
BLZ,Violent crime,0
BMU,Violent crime,0
BRB,Violent crime,0
BTN,Violent crime,0
BWA,Violent crime,0
CHI,Violent crime,0
COD,Violent crime,0
COK,Violent crime,0
CPV,Violent crime,0
CUW,Violent crime,0
CYM,Violent crime,0
DJI,Violent crime,0
DMA,Violent crime,0
FJI,Violent crime,0
FLK,Violent crime,0
FRO,Violent crime,0
FSM,Violent crime,0
GGY,Violent crime,0
GIB,Violent crime,0
GLP,Violent crime,0
GMB,Violent crime,0
GNB,Violent crime,0
GNQ,Violent crime,0
GRD,Violent crime,0
GRL,Violent crime,0
GUF,Violent crime,0
GUM,Violent crime,0
GUY,Violent crime,0
IMN,Violent crime,0
JEY,Violent crime,0
KGZ,Violent crime,0
KIR,Violent crime,0
KNA,Violent crime,0
LBR,Violent crime,0
LCA,Violent crime,0
LIE,Violent crime,0
LSO,Violent crime,0
MAC,Violent crime,0
MAF,Violent crime,0
MCO,Violent crime,0
MDV,Violent crime,0
MHL,Violent crime,0
MNE,Violent crime,0
MNP,Violent crime,0
MSR,Violent crime,0
MTQ,Violent crime,0
MWI,Violent crime,0
MYT,Violent crime,0
NCL,Violent crime,0
NIU,Violent crime,0
NRU,Violent crime,0
PLW,Violent crime,0
PNG,Violent crime,0
PRI,Violent crime,0
PRK,Violent crime,0
PSE,Violent crime,0
PYF,Violent crime,0
REU,Violent crime,0
SHN,Violent crime,0
SLB,Violent crime,0
SLE,Violent crime,0
SMR,Violent crime,0
SPM,Violent crime,0
STP,Violent crime,0
SUR,Violent crime,0
SWZ,Violent crime,0
SXM,Violent crime,0
SYC,Violent crime,0
SYR,Violent crime,0
TCA,Violent crime,0
TLS,Violent crime,0
TON,Violent crime,0
TTO,Violent crime,0
TUV,Violent crime,0
VAT,Violent crime,0
VCT,Violent crime,0
VGB,Violent crime,0
VIR,Violent crime,0
VUT,Violent crime,0
WSM,Violent crime,0
XKX,Violent crime,0
YEM,Violent crime,0
ZMB,Violent crime,0
CHI,Voice and accountability,0
CUW,Voice and accountability,0
FLK,Voice and accountability,0
FRO,Voice and accountability,0
GGY,Voice and accountability,0
GIB,Voice and accountability,0
GLP,Voice and accountability,0
IMN,Voice and accountability,0
MAF,Voice and accountability,0
MNP,Voice and accountability,0
MSR,Voice and accountability,0
MYT,Voice and accountability,0
NCL,Voice and accountability,0
PYF,Voice and accountability,0
SHN,Voice and accountability,0
SPM,Voice and accountability,0
SXM,Voice and accountability,0
TCA,Voice and accountability,0
VAT,Voice and accountability,0
VGB,Voice and accountability,0
ABW,Women in parliament,0
AIA,Women in parliament,0
ANT,Women in parliament,0
ASM,Women in parliament,0
BMU,Women in parliament,0
CHI,Women in parliament,0
COK,Women in parliament,0
CUW,Women in parliament,0
CYM,Women in parliament,0
FLK,Women in parliament,0
FRO,Women in parliament,0
GGY,Women in parliament,0
GIB,Women in parliament,0
GLP,Women in parliament,0
GRL,Women in parliament,0
GUF,Women in parliament,0
GUM,Women in parliament,0
HKG,Women in parliament,0
JEY,Women in parliament,0
MAC,Women in parliament,0
MAF,Women in parliament,0
MNP,Women in parliament,0
MSR,Women in parliament,0
MTQ,Women in parliament,0
MYT,Women in parliament,0
NCL,Women in parliament,0
NIU,Women in parliament,0
PRI,Women in parliament,0
PSE,Women in parliament,0
PYF,Women in parliament,0
REU,Women in parliament,0
SHN,Women in parliament,0
SPM,Women in parliament,0
SXM,Women in parliament,0
TCA,Women in parliament,0
TWN,Women in parliament,0
VAT,Women in parliament,0
VGB,Women in parliament,0
VIR,Women in parliament,0
XKX,Women in parliament,0
